district,period,full_immunization_coverage,institutional_delivery_rate,anc_first_trimester_rate,release_version,source,updated_at
Coimbatore,2021,75.5,90.4,72.8,v2.0-audited,HMIS-MoHFW-TN,2023-08-20
Coimbatore,2022,78.9,92.0,74.9,v2.0-audited,HMIS-MoHFW-TN,2023-08-20
Madurai,2021,78.8,91.2,76.5,v2.0-audited,HMIS-MoHFW-TN,2023-08-20
Madurai,2022,81.2,95.1,79.8,v2.0-audited,HMIS-MoHFW-TN,2023-08-20
Salem,2021,71.2,85.5,,v2.0-audited,HMIS-MoHFW-TN,2023-08-20
Salem,2022,74.8,87.2,72.0,v2.0-audited,HMIS-MoHFW-TN,2023-08-20
Chennai,2021,82.2,94.8,81.3,v2.0-audited,HMIS-MoHFW-TN,2023-08-20
Chennai,2022,84.7,96.2,83.5,v2.0-audited,HMIS-MoHFW-TN,2023-08-20
Tiruchirappalli,2021,76.2,88.7,73.8,v2.0-audited,HMIS-MoHFW-TN,2023-08-20
Tiruchirappalli,2022,79.0,91.2,76.2,v2.0-audited,HMIS-MoHFW-TN,2023-08-20
Kanchipuram,2021,79.2,89.8,77.2,v2.0-audited,HMIS-MoHFW-TN,2023-08-20
Kanchipuram,2022,82.3,92.0,79.5,v2.0-audited,HMIS-MoHFW-TN,2023-08-20
